,RandomForestClassifier(),DecisionTreeClassifier(class_weight='balanced'),SVC(),GaussianNB(),LogisticRegression()
accuracy,0.7728937728937729,0.6666666666666666,0.8681318681318682,0.8388278388278388,0.8717948717948718
f1,0.7754816187019579,0.7141479542636727,0.8068519715578539,0.806944345976604,0.8155651495533617
recall,0.7728937728937729,0.6666666666666666,0.8681318681318682,0.8388278388278388,0.8717948717948718
precision,0.7781278072431488,0.7898541534559289,0.7536529404661273,0.7857779286350715,0.8882918552036199
