,LinearRegression(),ElasticNet(),BayesianRidge()
Mean Absolute Error,0.6437612799237972,0.7485902030515406,0.6439044772409263
Mean Squared Error,0.6784112434700368,0.8574492816755298,0.6777901108045487
R2,0.5819799684522036,0.4716612095883238,0.5823626948573477
