,LinearRegression(),ElasticNet(),BayesianRidge()
Mean Absolute Error,0.643761279923798,0.7485902030515401,0.6439044772409261
Mean Squared Error,0.6784112434700384,0.8574492816755288,0.6777901108045463
R2,0.5819799684522029,0.4716612095883249,0.5823626948573497
